documento,cargoAplicado,experiencia,estadoProceso,fechaRegistro
81033638,Desarrollador Backend,3,Prueba técnica,2023-02-26
72955038,Gerente de Proyectos,5,En revisión,2023-04-24
16022410,Analista de Seguridad,4,Entrevista agendada,2023-03-08
39090358,Arquitecto de Software,1,Entrevista agendada,2023-11-18
63866590,Arquitecto de Software,1,Seleccionado,2024-05-31
84989123,Desarrollador Backend,3,Seleccionado,2023-01-03
49966162,Gerente de Proyectos,9,Seleccionado,2023-05-09
43759074,Analista de Datos,7,Rechazado,2024-07-24
16077759,Scrum Master,7,En revisión,2024-06-17
63479051,Scrum Master,9,Prueba técnica,2024-11-22
78413946,Gerente de Proyectos,10,En revisión,2023-03-16
82251635,DevOps Engineer,8,Entrevista agendada,2024-07-17
39904097,Analista de Datos,1,Entrevista agendada,2023-05-12
11082593,Desarrollador Frontend,3,Rechazado,2023-12-23
28075805,DevOps Engineer,2,Entrevista agendada,2024-07-11
16730787,Diseñador UX,10,Prueba técnica,2023-10-16
69077392,Scrum Master,7,Seleccionado,2024-09-23
97608023,Arquitecto de Software,4,Entrevista agendada,2024-01-09
40550697,Desarrollador Backend,7,Entrevista agendada,2023-08-29
25424439,Diseñador UX,1,Seleccionado,2024-12-11
38536058,DevOps Engineer,8,En revisión,2024-07-10
90735846,Desarrollador Backend,10,En revisión,2023-03-16
56866196,Analista de Datos,7,Rechazado,2023-08-21
76283387,Gerente de Proyectos,10,En revisión,2024-06-22
26215185,Gerente de Proyectos,1,Prueba técnica,2024-02-06
40336281,Gerente de Proyectos,4,Prueba técnica,2024-11-27
60221370,Desarrollador Backend,7,Seleccionado,2023-12-21
23193832,Diseñador UX,1,Seleccionado,2023-03-17
85247431,DevOps Engineer,2,Prueba técnica,2023-08-10
29080094,Gerente de Proyectos,6,Seleccionado,2023-01-08
45516755,Desarrollador Frontend,9,Seleccionado,2024-09-03
52822560,Desarrollador Backend,7,Prueba técnica,2023-08-06
28642513,Desarrollador Backend,3,En revisión,2023-05-30
80680751,QA Engineer,1,Rechazado,2023-10-03
69467623,Scrum Master,4,Rechazado,2024-02-21
74435115,Analista de Seguridad,10,Seleccionado,2023-03-06
62320527,Desarrollador Frontend,8,Prueba técnica,2024-11-11
87340047,DevOps Engineer,1,En revisión,2023-12-28
42225739,Scrum Master,2,Rechazado,2024-05-31
41688293,Desarrollador Frontend,7,Entrevista agendada,2024-10-18
41854701,Desarrollador Frontend,1,Prueba técnica,2023-10-06
77564864,Analista de Datos,10,En revisión,2024-06-26
23646689,Arquitecto de Software,10,Seleccionado,2023-07-17
77019901,Diseñador UX,2,Entrevista agendada,2024-09-01
94405839,Scrum Master,5,Seleccionado,2023-10-26
66528625,Gerente de Proyectos,6,Prueba técnica,2023-10-03
63515017,Analista de Seguridad,6,Rechazado,2023-06-10
26333095,Arquitecto de Software,7,Entrevista agendada,2023-08-16
38708029,Diseñador UX,10,Entrevista agendada,2024-08-07
76838047,Desarrollador Backend,5,Entrevista agendada,2023-06-04
77964584,DevOps Engineer,1,Prueba técnica,2023-08-05
99263593,Desarrollador Frontend,8,Prueba técnica,2023-06-19
74603026,Analista de Datos,4,En revisión,2023-12-28
77369297,Scrum Master,10,En revisión,2023-08-19
21326628,Analista de Datos,5,Rechazado,2023-05-26
70448966,QA Engineer,1,En revisión,2024-05-23
35102727,Gerente de Proyectos,3,En revisión,2023-08-06
37178232,Scrum Master,2,En revisión,2024-07-07
68232590,QA Engineer,8,Prueba técnica,2024-07-16
81581025,QA Engineer,4,Seleccionado,2024-04-26
83021954,QA Engineer,2,En revisión,2024-07-12
73530014,Arquitecto de Software,2,Seleccionado,2023-12-27
94746524,Diseñador UX,6,Entrevista agendada,2023-05-07
54374326,Gerente de Proyectos,2,Prueba técnica,2024-09-12
54078909,Analista de Datos,1,Seleccionado,2024-01-27
57143917,Desarrollador Frontend,4,Prueba técnica,2023-07-24
89509152,Scrum Master,6,Prueba técnica,2023-01-15
68747661,Analista de Datos,10,Prueba técnica,2023-01-11
27465594,Scrum Master,3,Rechazado,2023-03-17
18647245,QA Engineer,7,Entrevista agendada,2024-12-26
27522991,Analista de Seguridad,9,Prueba técnica,2023-11-22
52775280,QA Engineer,5,Prueba técnica,2023-02-13
38556631,QA Engineer,9,Rechazado,2024-09-29
37468961,Gerente de Proyectos,8,Entrevista agendada,2023-07-27
30143120,DevOps Engineer,8,Rechazado,2023-05-10
65415960,Diseñador UX,7,Entrevista agendada,2023-11-15
31094541,Analista de Datos,4,Rechazado,2024-07-30
31237280,DevOps Engineer,7,Rechazado,2024-11-23
53077089,Analista de Datos,5,Rechazado,2024-09-16
62340315,DevOps Engineer,8,Entrevista agendada,2024-12-04
15711286,Gerente de Proyectos,8,Seleccionado,2024-02-12
94847217,QA Engineer,5,Entrevista agendada,2023-09-24
18271510,Desarrollador Backend,2,Seleccionado,2024-12-15
79333618,Arquitecto de Software,3,Entrevista agendada,2024-10-13
83828458,Gerente de Proyectos,1,Entrevista agendada,2024-06-04
29993493,Arquitecto de Software,6,Seleccionado,2024-05-10
98131192,Gerente de Proyectos,9,Prueba técnica,2024-03-08
34640453,Scrum Master,7,Entrevista agendada,2024-05-15
70886314,Analista de Datos,1,Prueba técnica,2024-05-20
39463136,Gerente de Proyectos,1,Prueba técnica,2023-04-11
74622521,QA Engineer,7,En revisión,2024-10-06
31071750,DevOps Engineer,9,Prueba técnica,2023-12-30
91034397,DevOps Engineer,2,En revisión,2024-05-29
71242628,Analista de Seguridad,3,Seleccionado,2024-01-19
58576060,Diseñador UX,5,Seleccionado,2024-07-19
47382720,Diseñador UX,4,Seleccionado,2023-02-25
35187990,Gerente de Proyectos,9,Entrevista agendada,2024-06-01
74790800,Analista de Datos,3,Entrevista agendada,2024-02-08
29457324,QA Engineer,4,Entrevista agendada,2024-02-15
88105346,Analista de Seguridad,3,En revisión,2023-12-21
33260963,Diseñador UX,1,Seleccionado,2023-10-12
65204636,Analista de Seguridad,8,Prueba técnica,2024-03-09
69836326,Gerente de Proyectos,5,Prueba técnica,2023-01-02
42445678,QA Engineer,1,Entrevista agendada,2024-06-01
92230244,Desarrollador Frontend,4,Rechazado,2024-11-19
26006744,Scrum Master,9,Rechazado,2024-04-09
56597228,DevOps Engineer,1,Entrevista agendada,2023-10-06
94539597,QA Engineer,2,En revisión,2024-12-31
34165990,Analista de Datos,6,Prueba técnica,2023-03-28
49262471,Gerente de Proyectos,8,Rechazado,2024-07-18
44000661,Desarrollador Backend,3,Entrevista agendada,2023-04-06
99531081,Desarrollador Frontend,8,Rechazado,2024-03-12
83924411,Arquitecto de Software,9,Rechazado,2023-09-06
51610528,Analista de Seguridad,5,Rechazado,2024-07-05
35227400,Arquitecto de Software,1,Seleccionado,2024-12-31
82928625,Desarrollador Frontend,7,Seleccionado,2024-01-19
38429475,Analista de Seguridad,4,En revisión,2024-02-01
27374737,DevOps Engineer,6,Seleccionado,2023-05-23
37141053,Desarrollador Backend,7,Seleccionado,2024-07-27
65941080,Analista de Datos,8,Entrevista agendada,2024-06-19
57469155,QA Engineer,3,Seleccionado,2023-12-08
88176684,Diseñador UX,4,Seleccionado,2024-11-09
64407184,Scrum Master,10,En revisión,2024-10-26
86019289,Analista de Seguridad,6,Prueba técnica,2023-07-16
54617946,Gerente de Proyectos,10,Entrevista agendada,2023-01-09
42861660,Desarrollador Backend,4,Entrevista agendada,2023-12-06
12865502,Desarrollador Frontend,10,Entrevista agendada,2024-11-05
73983769,QA Engineer,7,Rechazado,2024-06-05
35358767,Analista de Seguridad,6,Rechazado,2024-04-29
97422463,QA Engineer,10,Seleccionado,2024-05-26
73496207,Desarrollador Frontend,4,Entrevista agendada,2024-10-15
61677954,QA Engineer,8,Rechazado,2024-08-12
13935533,Desarrollador Frontend,5,En revisión,2024-03-24
92681064,Gerente de Proyectos,2,Rechazado,2023-07-20
14658856,Analista de Seguridad,6,En revisión,2023-09-06
33643159,Scrum Master,1,Entrevista agendada,2023-10-24
81059743,Desarrollador Backend,2,En revisión,2024-02-14
96615695,QA Engineer,6,En revisión,2023-10-09
49389330,Arquitecto de Software,4,Seleccionado,2024-06-28
41586401,Analista de Datos,2,Rechazado,2024-08-06
31741431,Desarrollador Frontend,8,Entrevista agendada,2024-03-10
88953986,Analista de Datos,9,Entrevista agendada,2023-09-09
88920494,Desarrollador Frontend,1,Seleccionado,2024-07-21
90902152,Desarrollador Backend,1,Entrevista agendada,2024-08-20
14872283,Arquitecto de Software,4,Prueba técnica,2023-12-04
23454294,Gerente de Proyectos,2,Entrevista agendada,2024-10-21
45018797,DevOps Engineer,9,Entrevista agendada,2024-03-10
58759217,QA Engineer,9,Prueba técnica,2024-01-02
23361697,Gerente de Proyectos,3,Rechazado,2024-03-04
61288094,Desarrollador Frontend,10,Seleccionado,2024-05-17
25774050,Diseñador UX,1,Rechazado,2023-07-21
68268529,Scrum Master,1,Seleccionado,2023-09-29
56621131,Desarrollador Frontend,2,Seleccionado,2024-06-28
21354882,DevOps Engineer,4,Seleccionado,2024-09-14
20925482,Desarrollador Frontend,7,Seleccionado,2023-12-23
57779572,Analista de Seguridad,8,Seleccionado,2024-12-07
40623009,Analista de Datos,8,Entrevista agendada,2024-05-15
47824923,DevOps Engineer,6,En revisión,2023-05-23
34025778,QA Engineer,8,Prueba técnica,2024-07-28
28869923,Diseñador UX,7,Rechazado,2024-10-05
47482754,Desarrollador Backend,8,En revisión,2023-01-30
40375616,Gerente de Proyectos,8,En revisión,2024-04-01
43569672,DevOps Engineer,3,Seleccionado,2024-02-07
19326547,Desarrollador Frontend,1,Prueba técnica,2023-03-11
64915149,QA Engineer,3,En revisión,2024-02-22
37775329,Analista de Datos,10,En revisión,2024-12-08
54117775,Gerente de Proyectos,2,En revisión,2024-10-09
40577948,Analista de Seguridad,2,Prueba técnica,2023-11-26
93404552,Analista de Seguridad,2,Seleccionado,2024-03-03
69940542,Desarrollador Backend,9,Seleccionado,2024-08-30
59222681,Desarrollador Frontend,3,Rechazado,2023-03-18
50335546,Desarrollador Frontend,3,Prueba técnica,2023-03-25
18637296,Scrum Master,4,En revisión,2023-03-15
11462307,Desarrollador Frontend,1,En revisión,2023-10-22
16916487,DevOps Engineer,6,Prueba técnica,2023-05-25
70743094,Desarrollador Frontend,8,Rechazado,2024-02-11
26201116,Arquitecto de Software,2,Seleccionado,2024-12-10
47001696,Gerente de Proyectos,3,Prueba técnica,2024-06-13
62585647,Analista de Datos,5,En revisión,2024-04-23
47969593,DevOps Engineer,8,Entrevista agendada,2023-02-17
38964240,Diseñador UX,7,En revisión,2023-04-13
95176878,Desarrollador Backend,7,En revisión,2024-08-17
13591396,QA Engineer,3,Seleccionado,2023-01-18
44142321,Arquitecto de Software,4,Seleccionado,2024-11-03
61671937,Desarrollador Frontend,10,Rechazado,2023-03-09
28475444,QA Engineer,4,Seleccionado,2024-10-22
60198072,Desarrollador Frontend,5,Prueba técnica,2024-04-09
28801786,Analista de Seguridad,8,En revisión,2024-02-11
81327681,Scrum Master,3,Rechazado,2024-08-29
13211498,QA Engineer,10,Rechazado,2024-06-10
51602091,Desarrollador Backend,3,Rechazado,2023-09-13
25722712,Desarrollador Frontend,2,Rechazado,2024-10-08
45863379,Desarrollador Frontend,10,Rechazado,2023-05-11
42600791,Analista de Datos,9,Rechazado,2023-10-31
41854329,Desarrollador Frontend,1,Prueba técnica,2023-11-18
32036940,Gerente de Proyectos,2,En revisión,2023-09-04
59159178,Analista de Datos,9,Rechazado,2024-07-24
58149835,Analista de Datos,8,Seleccionado,2024-04-20
68447698,Desarrollador Backend,4,Entrevista agendada,2023-05-16
52704092,Arquitecto de Software,4,Entrevista agendada,2023-02-23
10705677,Scrum Master,4,Seleccionado,2023-10-15
29378783,Desarrollador Frontend,7,Entrevista agendada,2024-06-24
31900693,Diseñador UX,5,Prueba técnica,2024-02-20
90309059,Analista de Datos,7,Entrevista agendada,2024-12-02
93099547,Analista de Datos,6,Rechazado,2023-06-24
58511154,DevOps Engineer,2,En revisión,2024-03-07
50267607,Arquitecto de Software,9,Seleccionado,2023-10-01
18628982,Analista de Seguridad,8,Seleccionado,2023-01-17
63148736,Desarrollador Frontend,4,En revisión,2024-09-29
30738553,Scrum Master,8,Seleccionado,2024-09-09
46358099,Arquitecto de Software,8,Rechazado,2023-02-18
74307480,QA Engineer,5,Prueba técnica,2023-03-14
42122949,Scrum Master,7,Prueba técnica,2023-10-17
15982185,Diseñador UX,8,Seleccionado,2024-10-01
59097224,Desarrollador Backend,2,En revisión,2024-10-28
91723503,Scrum Master,2,Entrevista agendada,2024-11-23
17604829,Analista de Seguridad,1,Prueba técnica,2024-10-21
30555497,Gerente de Proyectos,10,Prueba técnica,2023-11-21
40830187,Analista de Seguridad,8,Rechazado,2024-02-07
91848198,QA Engineer,7,Entrevista agendada,2023-12-03
83650409,Desarrollador Frontend,3,Entrevista agendada,2023-09-30
88109535,Diseñador UX,4,Entrevista agendada,2024-12-23
99521214,Gerente de Proyectos,9,Seleccionado,2024-07-26
40512510,Analista de Datos,3,Prueba técnica,2023-09-07
36879146,Desarrollador Backend,9,Prueba técnica,2024-04-12
57085199,DevOps Engineer,8,Entrevista agendada,2024-05-06
93947783,Scrum Master,7,En revisión,2024-11-20
46583531,Diseñador UX,7,En revisión,2024-05-30
17938360,DevOps Engineer,1,En revisión,2023-10-29
33535723,Arquitecto de Software,3,En revisión,2024-12-18
19815248,QA Engineer,4,Prueba técnica,2024-05-11
23396654,Analista de Datos,7,Seleccionado,2023-02-22
40798580,Analista de Datos,9,En revisión,2024-08-09
90367741,Analista de Seguridad,2,Prueba técnica,2023-05-25
80637877,Gerente de Proyectos,2,Rechazado,2024-06-03
38738299,QA Engineer,7,En revisión,2024-12-05
67677377,QA Engineer,8,Seleccionado,2024-05-13
35389995,Desarrollador Frontend,6,Entrevista agendada,2024-10-30
15218325,Arquitecto de Software,6,Rechazado,2023-05-28
71707499,DevOps Engineer,10,Rechazado,2023-06-17
75197401,Scrum Master,5,Entrevista agendada,2023-03-17
92251142,Diseñador UX,3,Seleccionado,2024-12-17
26445387,Desarrollador Frontend,7,Prueba técnica,2023-01-30
96200176,Gerente de Proyectos,6,Seleccionado,2023-09-22
26077263,Analista de Datos,1,En revisión,2023-12-15
69018356,Desarrollador Frontend,4,Entrevista agendada,2024-02-21
22013582,Analista de Datos,8,Seleccionado,2023-07-09
58195557,Desarrollador Frontend,3,Seleccionado,2023-05-01
77567747,Diseñador UX,7,En revisión,2024-12-09
51896703,Scrum Master,4,Seleccionado,2023-10-14
17680198,DevOps Engineer,8,En revisión,2023-08-25
37913567,Desarrollador Frontend,9,Prueba técnica,2023-10-26
67844662,Diseñador UX,1,Seleccionado,2024-12-21
55355361,Diseñador UX,6,Rechazado,2023-11-20
23148492,Scrum Master,6,Entrevista agendada,2023-02-19
88088087,DevOps Engineer,6,Entrevista agendada,2024-08-09
49538487,Analista de Seguridad,8,Prueba técnica,2023-11-04
28509854,Diseñador UX,8,Rechazado,2024-08-05
97000228,Analista de Seguridad,9,En revisión,2024-06-04
99234501,Desarrollador Frontend,7,Seleccionado,2024-07-07
74052771,Diseñador UX,10,Rechazado,2023-09-18
49621784,Arquitecto de Software,5,Seleccionado,2024-08-08
91499657,Gerente de Proyectos,10,Rechazado,2024-03-04
26204997,Desarrollador Backend,8,Seleccionado,2024-10-26
60304018,Desarrollador Backend,9,Rechazado,2024-03-14
21860786,DevOps Engineer,7,Prueba técnica,2023-05-15
33657495,Gerente de Proyectos,4,Prueba técnica,2024-10-14
59346899,Analista de Seguridad,2,Rechazado,2024-10-30
45608066,Desarrollador Backend,9,Rechazado,2024-09-18
23781539,QA Engineer,4,Entrevista agendada,2024-12-06
46883070,QA Engineer,2,Seleccionado,2023-06-08
54300931,Desarrollador Backend,5,Prueba técnica,2024-11-19
54140608,Gerente de Proyectos,6,Rechazado,2023-09-21
11844263,Desarrollador Backend,1,En revisión,2023-05-17
64908489,Scrum Master,2,En revisión,2024-10-06
82631300,DevOps Engineer,5,Seleccionado,2024-07-19
65741080,Analista de Seguridad,4,En revisión,2023-07-08
31476478,Arquitecto de Software,6,Seleccionado,2024-11-06
16556301,Analista de Datos,2,Entrevista agendada,2024-06-19
63336290,Arquitecto de Software,1,Entrevista agendada,2024-07-16
42256415,QA Engineer,9,Seleccionado,2023-11-06
35250953,Analista de Datos,6,Prueba técnica,2023-04-22
59939699,Scrum Master,7,En revisión,2023-01-14
44668095,Arquitecto de Software,5,Entrevista agendada,2024-07-27
77540171,QA Engineer,3,Seleccionado,2023-04-25
39370301,Diseñador UX,5,En revisión,2024-11-29
11726180,QA Engineer,10,Prueba técnica,2023-04-21
51006285,Gerente de Proyectos,7,Seleccionado,2024-12-20
54767504,Desarrollador Backend,7,Seleccionado,2024-01-04
75378066,Analista de Datos,4,Entrevista agendada,2024-07-13
60004526,QA Engineer,1,En revisión,2023-12-11
72294438,Desarrollador Frontend,3,Rechazado,2024-07-17
30181992,Scrum Master,2,Rechazado,2023-09-19
10031954,Scrum Master,10,Prueba técnica,2023-04-26
29760690,Arquitecto de Software,8,Entrevista agendada,2023-05-08
96592525,Desarrollador Backend,5,En revisión,2024-10-27
70587886,Gerente de Proyectos,9,Entrevista agendada,2023-01-15
17380288,Desarrollador Backend,3,Rechazado,2023-03-30
83231926,Scrum Master,2,Entrevista agendada,2024-01-31
99998231,Desarrollador Frontend,5,Entrevista agendada,2024-07-27
37788027,Desarrollador Frontend,6,Entrevista agendada,2023-08-02
71086263,QA Engineer,4,Rechazado,2023-07-13
68075375,Arquitecto de Software,10,Prueba técnica,2023-01-05
58237808,QA Engineer,1,Entrevista agendada,2024-01-05
34898937,Desarrollador Backend,5,Entrevista agendada,2024-10-29
67885089,DevOps Engineer,1,Prueba técnica,2024-04-29
78709452,Scrum Master,4,En revisión,2024-08-12
56881331,Scrum Master,1,Seleccionado,2023-09-30
98295181,QA Engineer,10,Prueba técnica,2024-01-08
93532961,QA Engineer,8,Prueba técnica,2023-10-30
99498391,Desarrollador Backend,1,Prueba técnica,2024-02-22
67068790,Diseñador UX,4,Entrevista agendada,2023-08-24
40579633,Desarrollador Backend,7,Seleccionado,2023-11-28
86073328,QA Engineer,7,En revisión,2023-09-08
64656576,DevOps Engineer,7,Rechazado,2024-11-20
29269816,Gerente de Proyectos,4,Rechazado,2024-07-29
46899515,Gerente de Proyectos,6,Rechazado,2023-06-29
91191009,Arquitecto de Software,7,En revisión,2024-07-04
82488302,Scrum Master,10,Prueba técnica,2023-09-29
40419792,Desarrollador Backend,10,Prueba técnica,2023-03-18
97539784,Analista de Datos,6,En revisión,2023-01-04
59027992,Desarrollador Frontend,5,Seleccionado,2023-05-10
71270987,Analista de Datos,9,En revisión,2024-12-25
63027943,Desarrollador Frontend,6,Rechazado,2024-03-07
19241434,DevOps Engineer,6,Prueba técnica,2023-03-30
82381267,Scrum Master,4,Seleccionado,2023-02-20
54651396,Gerente de Proyectos,6,Rechazado,2023-09-19
34663432,Desarrollador Backend,3,Prueba técnica,2023-06-17
35582865,Gerente de Proyectos,5,Seleccionado,2023-06-21
77385796,DevOps Engineer,5,Rechazado,2024-06-07
89961628,Scrum Master,8,Rechazado,2024-07-27
73997645,Analista de Seguridad,9,Prueba técnica,2024-11-28
77193877,Desarrollador Frontend,3,Entrevista agendada,2023-11-24
55520123,DevOps Engineer,1,En revisión,2023-05-21
27766130,Analista de Seguridad,4,Prueba técnica,2024-03-01
65050791,Analista de Datos,4,Seleccionado,2023-11-04
55179262,Arquitecto de Software,6,Seleccionado,2023-09-24
72821964,QA Engineer,4,Seleccionado,2024-12-31
53361715,Diseñador UX,10,En revisión,2023-11-09
65699985,Desarrollador Backend,2,Seleccionado,2024-11-07
24442501,Gerente de Proyectos,4,Prueba técnica,2023-10-23
30079255,Analista de Datos,10,Prueba técnica,2024-07-20
74167085,Arquitecto de Software,7,Rechazado,2024-04-26
39728830,Gerente de Proyectos,9,Prueba técnica,2024-06-21
52279499,Arquitecto de Software,10,Seleccionado,2024-01-27
77582837,Analista de Seguridad,1,En revisión,2023-02-11
56301365,Scrum Master,5,Rechazado,2023-07-31
83650768,Desarrollador Frontend,1,Entrevista agendada,2023-01-14
34373836,Desarrollador Frontend,2,Rechazado,2024-05-04
60443542,Analista de Seguridad,1,En revisión,2023-12-10
11273971,Analista de Datos,10,En revisión,2024-06-21
70372537,Analista de Datos,9,Entrevista agendada,2024-01-29
13622239,Arquitecto de Software,9,En revisión,2023-10-17
94003741,Arquitecto de Software,9,En revisión,2024-01-01
87884421,Arquitecto de Software,4,Prueba técnica,2023-10-08
51100394,DevOps Engineer,10,Rechazado,2024-07-12
88664793,Scrum Master,2,Entrevista agendada,2024-11-18
69221171,DevOps Engineer,9,Entrevista agendada,2023-05-15
89861781,QA Engineer,8,Seleccionado,2024-12-07
24403588,Diseñador UX,10,Entrevista agendada,2023-09-16
80920013,DevOps Engineer,7,Seleccionado,2023-03-07
74905227,Analista de Datos,7,En revisión,2023-07-24
81733804,QA Engineer,2,Seleccionado,2023-04-10
57281492,Scrum Master,2,Seleccionado,2023-06-11
14022062,QA Engineer,6,Entrevista agendada,2023-02-04
63769534,Analista de Seguridad,8,En revisión,2023-04-26
24938679,Desarrollador Frontend,9,Entrevista agendada,2024-09-04
10310725,Desarrollador Frontend,9,Entrevista agendada,2024-12-06
39031925,Diseñador UX,3,Entrevista agendada,2023-10-15
65815824,DevOps Engineer,1,En revisión,2023-11-29
98129273,Gerente de Proyectos,10,En revisión,2023-04-01
38404838,Analista de Datos,2,Entrevista agendada,2023-04-27
91934308,Analista de Seguridad,6,Prueba técnica,2023-02-04
81351623,DevOps Engineer,7,Entrevista agendada,2024-12-20
30949427,DevOps Engineer,5,Seleccionado,2024-09-16
35568961,Scrum Master,5,Seleccionado,2024-01-25
67329944,Gerente de Proyectos,3,En revisión,2024-05-02
92302311,Desarrollador Frontend,1,Seleccionado,2024-07-29
52888180,Gerente de Proyectos,9,Prueba técnica,2023-11-02
83009270,Gerente de Proyectos,1,En revisión,2024-05-21
23832996,Gerente de Proyectos,5,Entrevista agendada,2024-08-04
34865252,Desarrollador Backend,1,Entrevista agendada,2023-11-09
37677443,Analista de Datos,1,Prueba técnica,2024-03-17
68926433,Analista de Seguridad,9,Entrevista agendada,2023-03-08
65205640,Scrum Master,7,Entrevista agendada,2024-02-07
64049339,Arquitecto de Software,2,Entrevista agendada,2023-12-19
54588590,Gerente de Proyectos,5,En revisión,2023-05-07
37948380,Gerente de Proyectos,7,Rechazado,2023-03-04
94511902,Analista de Datos,7,Seleccionado,2023-07-26
78841319,Arquitecto de Software,9,Entrevista agendada,2024-08-29
13386641,Diseñador UX,9,En revisión,2023-02-16
45702235,Desarrollador Frontend,4,Prueba técnica,2023-06-22
61938716,QA Engineer,7,Prueba técnica,2023-01-09
47412383,Analista de Seguridad,9,En revisión,2023-12-25
53691391,Scrum Master,6,Seleccionado,2023-04-22
42820817,DevOps Engineer,9,Seleccionado,2024-09-14
89095403,Gerente de Proyectos,10,Prueba técnica,2024-04-24
82580000,Gerente de Proyectos,10,En revisión,2023-08-12
64277848,Analista de Datos,8,Seleccionado,2023-08-05
61171398,Diseñador UX,9,Prueba técnica,2024-09-30
51334087,QA Engineer,5,En revisión,2023-01-01
39648422,Analista de Seguridad,8,Seleccionado,2023-11-22
30020346,DevOps Engineer,5,Prueba técnica,2024-07-08
82742653,Desarrollador Backend,7,Prueba técnica,2024-08-03
70658539,Desarrollador Frontend,7,Entrevista agendada,2023-08-07
60351978,Analista de Datos,4,Rechazado,2023-12-16
87177087,Scrum Master,1,En revisión,2024-11-19
46716503,QA Engineer,7,Entrevista agendada,2023-08-04
66495375,Analista de Datos,1,Entrevista agendada,2024-12-26
97550058,DevOps Engineer,7,Prueba técnica,2024-09-23
74138493,QA Engineer,3,Prueba técnica,2023-01-29
94960198,Diseñador UX,8,Rechazado,2024-09-04
60501466,Analista de Seguridad,6,Prueba técnica,2024-08-01
79314559,DevOps Engineer,10,Seleccionado,2024-09-10
10264024,Desarrollador Backend,10,Entrevista agendada,2024-08-03
54505190,Analista de Seguridad,10,Rechazado,2023-09-03
86139406,Diseñador UX,5,Entrevista agendada,2023-03-15
49102460,Scrum Master,4,Rechazado,2024-01-27
37761589,Analista de Datos,3,Rechazado,2024-08-06
91438001,Diseñador UX,4,Prueba técnica,2023-09-10
10900283,Analista de Datos,4,En revisión,2024-05-15
19864003,Scrum Master,1,Entrevista agendada,2024-02-04
84938799,Diseñador UX,6,Rechazado,2024-01-30
55120008,Diseñador UX,10,En revisión,2023-11-14
11858627,Gerente de Proyectos,6,Entrevista agendada,2023-09-13
72186451,Scrum Master,9,Entrevista agendada,2023-01-09
47187323,Desarrollador Frontend,10,Rechazado,2024-09-18
16448439,Diseñador UX,5,En revisión,2024-06-14
66287137,Arquitecto de Software,7,Rechazado,2024-07-11
11512722,Scrum Master,7,En revisión,2024-09-16
30563285,Desarrollador Backend,9,En revisión,2024-02-12
69610753,Analista de Datos,7,Rechazado,2024-05-10
57044936,Arquitecto de Software,10,Prueba técnica,2024-08-03
94571752,Desarrollador Backend,8,Rechazado,2024-04-26
26345436,Desarrollador Backend,1,Seleccionado,2023-01-25
64637676,Arquitecto de Software,6,Seleccionado,2024-12-12
77218422,Scrum Master,9,Seleccionado,2024-10-31
20215846,DevOps Engineer,8,En revisión,2023-07-19
64709946,Arquitecto de Software,9,En revisión,2023-07-03
79399224,Analista de Seguridad,4,Seleccionado,2023-11-25
53570073,Analista de Datos,1,Rechazado,2024-02-05
60380044,Desarrollador Backend,8,Seleccionado,2024-04-23
96049248,Desarrollador Backend,4,Entrevista agendada,2024-11-25
76512420,Gerente de Proyectos,7,Prueba técnica,2024-12-28
74170587,DevOps Engineer,6,Entrevista agendada,2023-06-29
56691582,Desarrollador Frontend,1,Rechazado,2023-02-13
94042697,Gerente de Proyectos,2,Rechazado,2024-10-03
17763463,DevOps Engineer,8,Rechazado,2023-10-09
70536594,Desarrollador Frontend,10,Entrevista agendada,2023-04-06
86102250,Arquitecto de Software,3,Prueba técnica,2023-01-23
93111445,Desarrollador Backend,5,Entrevista agendada,2023-09-11
12179321,Desarrollador Backend,3,Rechazado,2023-02-26
80859154,Scrum Master,8,Entrevista agendada,2023-06-16
63010822,Desarrollador Frontend,7,Seleccionado,2023-06-06
94450863,Desarrollador Backend,1,Rechazado,2023-06-15
91052838,QA Engineer,5,Entrevista agendada,2023-05-06
46176598,QA Engineer,3,Prueba técnica,2024-06-10
29214849,Analista de Datos,3,En revisión,2024-02-07
20542824,Desarrollador Backend,7,En revisión,2023-08-13
61081956,Desarrollador Frontend,6,Rechazado,2024-10-21
24306137,Gerente de Proyectos,6,Entrevista agendada,2023-05-12
51149537,Gerente de Proyectos,10,Entrevista agendada,2023-09-17
42925937,Desarrollador Backend,5,Prueba técnica,2024-09-05
91429267,Gerente de Proyectos,3,Entrevista agendada,2023-07-05
87288792,Desarrollador Backend,10,Entrevista agendada,2024-06-06
71354653,Analista de Seguridad,1,Seleccionado,2024-05-21
14869297,QA Engineer,3,Prueba técnica,2023-12-11
83696102,QA Engineer,4,Entrevista agendada,2023-10-11
49422466,Arquitecto de Software,10,Prueba técnica,2023-07-13
32938900,DevOps Engineer,10,Seleccionado,2024-05-19
87885194,Scrum Master,2,Seleccionado,2024-09-02
83001496,Diseñador UX,10,Entrevista agendada,2024-01-02
93624664,DevOps Engineer,7,Prueba técnica,2024-07-04
83214531,DevOps Engineer,5,Seleccionado,2023-06-13
63035628,DevOps Engineer,9,En revisión,2024-04-05
28219243,Arquitecto de Software,7,Rechazado,2024-05-07
65114095,Analista de Seguridad,4,Seleccionado,2024-11-18
32656969,Desarrollador Backend,6,Entrevista agendada,2024-07-24
17924067,DevOps Engineer,2,En revisión,2023-06-30
36950773,Desarrollador Frontend,8,En revisión,2023-04-25
55130295,DevOps Engineer,9,Prueba técnica,2023-09-20
33677469,Analista de Datos,1,Entrevista agendada,2024-07-28
62938807,Arquitecto de Software,5,Rechazado,2024-09-10
78794752,DevOps Engineer,2,Entrevista agendada,2024-12-25
91429248,Diseñador UX,9,Rechazado,2024-09-09
72791054,Scrum Master,3,Rechazado,2023-02-28
71135737,Scrum Master,10,Entrevista agendada,2024-02-08
41080899,Analista de Datos,3,Prueba técnica,2023-01-06
90558074,Scrum Master,8,Rechazado,2024-04-18
73020142,Diseñador UX,4,Prueba técnica,2023-09-10
69221949,Analista de Datos,2,Entrevista agendada,2023-11-18
95842603,DevOps Engineer,6,Seleccionado,2024-08-23
91130146,Scrum Master,4,Prueba técnica,2024-11-06
52548626,Desarrollador Frontend,9,En revisión,2024-02-11
76639738,Desarrollador Frontend,5,Prueba técnica,2024-08-14
55071843,DevOps Engineer,5,Seleccionado,2023-10-17
50571408,Diseñador UX,9,Rechazado,2024-04-05
30401134,Desarrollador Frontend,6,Prueba técnica,2023-08-20
65925152,Desarrollador Backend,6,En revisión,2024-10-24
46452208,QA Engineer,3,Entrevista agendada,2023-07-27
53149047,Desarrollador Frontend,3,En revisión,2023-09-20
18008112,Diseñador UX,5,Seleccionado,2024-11-13
50663126,QA Engineer,1,Prueba técnica,2024-01-24
67620850,QA Engineer,6,Entrevista agendada,2024-07-26
57833986,Analista de Datos,1,Rechazado,2024-01-27
94486316,DevOps Engineer,6,Rechazado,2024-11-06
12727528,Desarrollador Frontend,2,Rechazado,2023-01-09
50798008,Analista de Datos,9,Prueba técnica,2024-01-30
26441985,Desarrollador Frontend,3,Rechazado,2023-02-22
64679413,QA Engineer,8,Seleccionado,2023-07-09
61897103,Gerente de Proyectos,3,Prueba técnica,2023-06-28
20627400,Desarrollador Backend,9,Seleccionado,2024-11-24
67580010,Arquitecto de Software,5,Entrevista agendada,2023-10-23
38668822,Desarrollador Frontend,2,Seleccionado,2023-02-12
17546966,Gerente de Proyectos,3,Prueba técnica,2023-05-05
57626919,QA Engineer,1,Rechazado,2024-10-29
34655329,Scrum Master,7,Entrevista agendada,2024-05-08
63976982,Analista de Seguridad,5,Entrevista agendada,2023-11-10
36851618,Scrum Master,6,Seleccionado,2024-10-31
24530885,Arquitecto de Software,5,Rechazado,2024-03-09
15964268,QA Engineer,1,En revisión,2024-11-27
65653061,Desarrollador Frontend,4,En revisión,2023-10-18
31217972,Scrum Master,8,Rechazado,2023-04-27
60564536,Scrum Master,4,Prueba técnica,2023-03-12
61503127,Gerente de Proyectos,2,Seleccionado,2023-09-29
58784846,Diseñador UX,2,Entrevista agendada,2024-11-13
59126282,Desarrollador Backend,10,Prueba técnica,2023-04-10
63239215,DevOps Engineer,3,Entrevista agendada,2024-10-15
44662224,DevOps Engineer,10,Prueba técnica,2024-10-28
44583461,Gerente de Proyectos,1,Rechazado,2024-12-18
38111468,Desarrollador Frontend,4,Prueba técnica,2023-06-10
44631177,Gerente de Proyectos,4,En revisión,2024-12-31
41216559,Scrum Master,3,Rechazado,2023-01-22
26159486,Arquitecto de Software,7,Seleccionado,2023-08-12
21001723,Scrum Master,2,Seleccionado,2023-04-25
12644002,Desarrollador Frontend,6,Rechazado,2024-07-29
30225730,Analista de Seguridad,1,Entrevista agendada,2023-08-21
54913402,Diseñador UX,8,En revisión,2023-12-19
60868559,Gerente de Proyectos,5,Rechazado,2023-08-17
31164596,Desarrollador Backend,7,Prueba técnica,2023-06-01
69172723,Scrum Master,8,Rechazado,2024-12-20
57109180,Analista de Datos,4,Seleccionado,2023-06-12
74424181,Analista de Datos,6,Entrevista agendada,2023-12-31
80085681,Analista de Datos,6,En revisión,2023-03-24
90555729,DevOps Engineer,5,Entrevista agendada,2023-03-11
46904245,Analista de Datos,1,Entrevista agendada,2024-06-04
72308648,QA Engineer,5,Entrevista agendada,2024-07-31
44597672,Analista de Seguridad,9,En revisión,2023-11-29
32647986,Gerente de Proyectos,6,Seleccionado,2023-03-30
49226692,Analista de Datos,5,Entrevista agendada,2023-06-10
88354421,Desarrollador Backend,4,Entrevista agendada,2023-07-12
61835945,DevOps Engineer,2,En revisión,2023-06-27
49584135,Arquitecto de Software,2,Prueba técnica,2023-08-01
32848631,Desarrollador Frontend,8,En revisión,2024-03-19
29362234,Analista de Datos,8,Rechazado,2023-12-24
88273819,Analista de Seguridad,10,Seleccionado,2024-10-15
85190304,Scrum Master,5,Rechazado,2024-07-11
60964679,Scrum Master,4,Entrevista agendada,2023-12-16
48981400,Analista de Datos,2,En revisión,2024-02-23
54326372,Gerente de Proyectos,2,Seleccionado,2024-12-13
90534105,Desarrollador Backend,4,En revisión,2023-03-02
16872000,QA Engineer,2,Rechazado,2023-11-30
97904801,Analista de Seguridad,5,En revisión,2023-12-13
47926396,Diseñador UX,1,Rechazado,2023-08-14
76828483,Analista de Seguridad,8,Entrevista agendada,2024-07-26
37802889,QA Engineer,4,Seleccionado,2023-12-13
12160485,Analista de Datos,5,Seleccionado,2024-06-11
25503466,Arquitecto de Software,1,Entrevista agendada,2024-03-09
52557135,Arquitecto de Software,9,Seleccionado,2024-03-09
46988635,Desarrollador Frontend,1,En revisión,2023-05-11
13617898,Desarrollador Backend,9,Entrevista agendada,2024-03-25
99141225,Desarrollador Backend,8,Prueba técnica,2024-08-30
97075310,Analista de Datos,9,Prueba técnica,2024-07-01
84164897,Desarrollador Frontend,7,Entrevista agendada,2023-07-18
48702719,Gerente de Proyectos,6,Entrevista agendada,2024-02-29
42066106,Desarrollador Backend,10,Entrevista agendada,2024-01-02
95075847,DevOps Engineer,2,Seleccionado,2023-12-01
49060210,QA Engineer,5,Entrevista agendada,2023-06-26
18967410,Arquitecto de Software,6,Prueba técnica,2024-11-28
90227252,QA Engineer,5,Rechazado,2024-11-02
87536466,Diseñador UX,9,Seleccionado,2023-04-23
48120656,Arquitecto de Software,10,Seleccionado,2023-06-09
47255225,Gerente de Proyectos,8,Prueba técnica,2024-10-10
47789492,Diseñador UX,8,En revisión,2024-12-28
17998628,DevOps Engineer,9,En revisión,2023-12-06
47838734,Arquitecto de Software,10,Rechazado,2023-09-28
46291067,QA Engineer,6,En revisión,2023-11-15
66018768,Arquitecto de Software,5,Rechazado,2024-12-05
35501187,Scrum Master,9,Entrevista agendada,2024-12-02
74665534,Diseñador UX,2,Entrevista agendada,2024-03-27
33482033,Arquitecto de Software,4,Seleccionado,2023-05-10
47466400,Desarrollador Backend,4,Rechazado,2024-04-25
71346781,DevOps Engineer,2,Seleccionado,2023-06-04
62799137,QA Engineer,6,Prueba técnica,2024-02-19
84405450,Gerente de Proyectos,3,En revisión,2024-11-22
86939703,Arquitecto de Software,8,Seleccionado,2024-12-20
37113024,Diseñador UX,8,Seleccionado,2023-06-10
76091366,Desarrollador Frontend,1,En revisión,2024-06-06
58830409,Diseñador UX,4,Rechazado,2023-12-14
64231333,Arquitecto de Software,8,En revisión,2023-08-16
30114098,Arquitecto de Software,4,Prueba técnica,2024-07-05
79646983,Diseñador UX,3,Entrevista agendada,2023-01-28
66346170,Arquitecto de Software,2,Entrevista agendada,2023-02-14
70691548,Desarrollador Frontend,10,Seleccionado,2023-10-15
72318601,Desarrollador Backend,9,Prueba técnica,2023-05-26
57378382,Analista de Datos,3,Prueba técnica,2024-09-18
81074113,Desarrollador Frontend,3,Prueba técnica,2024-03-12
50071176,QA Engineer,4,Prueba técnica,2023-05-31
68940857,Diseñador UX,3,Rechazado,2024-11-08
75896806,Arquitecto de Software,9,Rechazado,2023-04-12
29545001,Arquitecto de Software,10,Entrevista agendada,2023-04-28
16732168,Desarrollador Frontend,2,Rechazado,2023-07-18
27963421,QA Engineer,3,Entrevista agendada,2023-09-12
77537937,Desarrollador Backend,10,Prueba técnica,2023-09-18
73441223,Gerente de Proyectos,10,Entrevista agendada,2024-03-26
10964480,Analista de Datos,1,Seleccionado,2023-05-08
22541525,Arquitecto de Software,10,Entrevista agendada,2023-11-26
35277765,Diseñador UX,5,Entrevista agendada,2024-07-12
32437129,DevOps Engineer,10,Rechazado,2023-05-05
25378143,DevOps Engineer,3,Entrevista agendada,2023-02-24
71209885,Analista de Datos,10,Prueba técnica,2024-09-16
33107230,Analista de Seguridad,8,Prueba técnica,2023-07-14
54902691,DevOps Engineer,8,Seleccionado,2024-04-13
90549788,Analista de Datos,1,Rechazado,2024-05-12
81624261,Analista de Datos,3,Rechazado,2023-04-20
94161928,Desarrollador Frontend,6,Prueba técnica,2024-07-26
80728693,DevOps Engineer,9,Seleccionado,2024-06-17
45784909,Arquitecto de Software,7,Prueba técnica,2024-08-01
47558936,Desarrollador Frontend,9,En revisión,2024-08-07
59313706,Arquitecto de Software,2,Entrevista agendada,2024-03-17
67052178,Scrum Master,3,Prueba técnica,2023-05-01
22738340,DevOps Engineer,8,Rechazado,2024-04-02
81804604,Arquitecto de Software,8,Rechazado,2023-03-14
21609844,QA Engineer,5,Prueba técnica,2023-08-22
71704085,Scrum Master,5,Prueba técnica,2024-11-10
11450353,DevOps Engineer,1,Entrevista agendada,2024-02-23
87356485,Scrum Master,3,Rechazado,2023-01-20
41094988,QA Engineer,5,En revisión,2023-11-28
58641304,Analista de Datos,7,Entrevista agendada,2023-04-06
46273751,Analista de Seguridad,3,Entrevista agendada,2024-06-02
40490272,DevOps Engineer,6,En revisión,2023-10-01
97258504,Arquitecto de Software,8,Seleccionado,2024-03-31
15533550,Desarrollador Frontend,5,Prueba técnica,2024-02-14
80210535,Scrum Master,9,Seleccionado,2024-07-13
71182548,QA Engineer,8,En revisión,2023-01-04
14097708,Analista de Datos,9,Entrevista agendada,2023-02-05
52487363,QA Engineer,4,En revisión,2023-04-19
13793199,Gerente de Proyectos,10,Prueba técnica,2023-02-05
46441554,Scrum Master,2,Rechazado,2024-02-05
76653144,Arquitecto de Software,1,Seleccionado,2023-01-26
66118639,Diseñador UX,3,En revisión,2023-04-16
97262757,QA Engineer,6,Rechazado,2024-09-25
31406901,Scrum Master,6,En revisión,2023-12-27
77636113,Scrum Master,3,En revisión,2024-06-20
52253946,Analista de Seguridad,7,Rechazado,2023-06-01
67773239,Gerente de Proyectos,3,Rechazado,2023-01-22
47005841,Scrum Master,7,Entrevista agendada,2023-10-06
70211792,Desarrollador Backend,8,Prueba técnica,2024-01-10
54199562,DevOps Engineer,10,Seleccionado,2023-03-19
76023286,DevOps Engineer,6,Rechazado,2024-02-22
39932454,Diseñador UX,8,Entrevista agendada,2024-03-24
13550201,Diseñador UX,7,Prueba técnica,2023-07-12
70248258,QA Engineer,5,En revisión,2024-02-27
60644983,Desarrollador Backend,5,Rechazado,2023-12-11
50228496,DevOps Engineer,6,Prueba técnica,2023-12-13
14763387,Analista de Seguridad,8,Prueba técnica,2023-12-24
92934060,Analista de Datos,6,Entrevista agendada,2023-08-18
68687190,QA Engineer,5,Seleccionado,2023-07-09
58246840,DevOps Engineer,10,Seleccionado,2023-01-22
90317628,Diseñador UX,2,Seleccionado,2024-01-04
40248760,Diseñador UX,4,Prueba técnica,2023-02-06
20159156,Analista de Seguridad,7,Seleccionado,2023-10-07
91571808,Diseñador UX,4,En revisión,2023-05-22
86109207,DevOps Engineer,4,Entrevista agendada,2023-05-31
50869500,QA Engineer,4,En revisión,2023-08-16
10863367,Scrum Master,2,Seleccionado,2024-06-19
23562579,Analista de Seguridad,10,Rechazado,2023-10-17
55882923,Desarrollador Backend,6,Entrevista agendada,2024-07-24
57351176,Analista de Datos,3,Prueba técnica,2023-05-02
29620621,DevOps Engineer,6,Entrevista agendada,2023-07-24
18563294,Diseñador UX,4,Prueba técnica,2024-02-26
35919559,QA Engineer,10,En revisión,2024-06-28
39968765,QA Engineer,9,Prueba técnica,2023-05-23
69492713,Arquitecto de Software,3,En revisión,2024-05-27
73371119,DevOps Engineer,3,Rechazado,2024-04-25
27654407,Analista de Seguridad,6,En revisión,2023-02-26
92138198,QA Engineer,8,Entrevista agendada,2024-12-25
28702368,DevOps Engineer,10,Seleccionado,2023-09-01
58199676,Desarrollador Frontend,3,En revisión,2023-05-07
88583035,Analista de Datos,1,Rechazado,2024-11-17
90296888,Arquitecto de Software,6,Rechazado,2023-06-04
67888222,Desarrollador Backend,6,En revisión,2024-01-14
14080574,QA Engineer,10,Entrevista agendada,2024-06-12
80479215,QA Engineer,8,Entrevista agendada,2023-03-07
11342135,Diseñador UX,2,Entrevista agendada,2024-08-05
66939402,Desarrollador Backend,3,Rechazado,2023-07-30
54500749,Desarrollador Frontend,8,En revisión,2023-11-07
77317794,QA Engineer,2,Prueba técnica,2023-06-27
55140958,QA Engineer,4,Prueba técnica,2023-07-23
13455574,Diseñador UX,6,Prueba técnica,2023-07-31
41242821,QA Engineer,10,Rechazado,2024-08-24
32429840,DevOps Engineer,3,Seleccionado,2023-06-26
75181247,Desarrollador Frontend,8,Rechazado,2024-11-23
87116398,Analista de Datos,7,Seleccionado,2023-03-25
36016871,DevOps Engineer,7,En revisión,2023-11-15
16910618,Gerente de Proyectos,1,Entrevista agendada,2023-08-02
60079245,Scrum Master,10,Seleccionado,2023-09-03
38573302,Diseñador UX,3,En revisión,2024-05-22
87691736,Gerente de Proyectos,10,Prueba técnica,2024-07-13
22092076,Diseñador UX,1,En revisión,2024-09-06
35419653,Arquitecto de Software,9,Entrevista agendada,2024-08-17
60866497,Scrum Master,4,Seleccionado,2024-03-28
87558992,Arquitecto de Software,1,En revisión,2023-02-04
60930845,Analista de Seguridad,8,Rechazado,2023-05-21
35764402,DevOps Engineer,1,Seleccionado,2024-10-29
46446476,QA Engineer,1,En revisión,2023-11-10
28578081,Scrum Master,6,En revisión,2024-02-18
99077036,Desarrollador Frontend,1,Seleccionado,2024-03-27
84069095,Analista de Datos,2,Rechazado,2024-06-24
24288958,Scrum Master,4,Seleccionado,2023-06-30
99047568,Desarrollador Backend,2,Rechazado,2024-04-23
64431944,Analista de Seguridad,2,Rechazado,2024-01-22
19652757,Desarrollador Frontend,8,Prueba técnica,2023-12-23
68831371,Analista de Seguridad,7,Rechazado,2023-10-13
27550546,QA Engineer,8,Entrevista agendada,2023-05-24
32371855,QA Engineer,8,Entrevista agendada,2023-03-17
12313720,Desarrollador Frontend,3,En revisión,2023-06-28
78956745,Desarrollador Backend,10,En revisión,2024-05-31
86907048,QA Engineer,5,Rechazado,2023-08-14
75051533,Analista de Datos,7,En revisión,2024-04-30
71285732,Gerente de Proyectos,4,Seleccionado,2024-09-29
49247327,DevOps Engineer,5,Rechazado,2023-10-18
24872967,Analista de Seguridad,4,En revisión,2023-06-30
40465013,Desarrollador Frontend,7,Rechazado,2023-11-03
37051304,Analista de Datos,5,Rechazado,2024-05-17
62007746,Desarrollador Backend,1,Rechazado,2023-03-23
98360352,Scrum Master,2,En revisión,2024-09-24
22604315,Desarrollador Backend,5,En revisión,2024-01-25
25349783,DevOps Engineer,9,Rechazado,2023-04-07
67639079,Analista de Seguridad,6,Prueba técnica,2024-03-24
55172963,Diseñador UX,10,Seleccionado,2023-06-13
68891187,Desarrollador Backend,5,Entrevista agendada,2024-02-26
84422678,Diseñador UX,4,En revisión,2023-06-17
50163771,Analista de Seguridad,1,Entrevista agendada,2024-09-10
77184033,Arquitecto de Software,5,Entrevista agendada,2024-07-12
59561994,Gerente de Proyectos,2,Entrevista agendada,2023-02-25
15587470,Analista de Seguridad,2,Entrevista agendada,2023-03-01
32046689,Analista de Seguridad,7,Seleccionado,2024-08-22
76684556,QA Engineer,4,Seleccionado,2024-02-14
55452458,Desarrollador Backend,9,Seleccionado,2024-05-09
30927810,Gerente de Proyectos,3,En revisión,2024-11-27
15696158,Scrum Master,6,Prueba técnica,2024-01-27
10159135,DevOps Engineer,9,Prueba técnica,2024-07-15
33333667,Analista de Datos,7,En revisión,2023-12-27
51887081,Scrum Master,1,Prueba técnica,2024-11-03
74974536,QA Engineer,4,Rechazado,2024-07-22
54821146,Scrum Master,6,Seleccionado,2023-06-19
10995160,Analista de Seguridad,8,Entrevista agendada,2023-08-06
95955947,Gerente de Proyectos,7,Seleccionado,2024-08-18
52033801,Diseñador UX,4,Entrevista agendada,2023-12-02
90537579,DevOps Engineer,1,Seleccionado,2023-11-21
33036455,Arquitecto de Software,3,Rechazado,2024-08-14
42594475,DevOps Engineer,6,Entrevista agendada,2023-07-15
92891754,Arquitecto de Software,2,Entrevista agendada,2023-06-25
53184885,Desarrollador Frontend,2,Rechazado,2024-01-05
40554202,Gerente de Proyectos,3,Seleccionado,2024-02-29
19161860,Gerente de Proyectos,4,En revisión,2023-03-22
28293530,DevOps Engineer,4,Rechazado,2023-10-21
37647181,Analista de Seguridad,7,Prueba técnica,2023-09-01
29926264,Analista de Datos,5,Rechazado,2024-01-25
91253704,Desarrollador Backend,2,Prueba técnica,2023-07-16
37734865,Gerente de Proyectos,8,Seleccionado,2024-01-06
10889295,DevOps Engineer,7,En revisión,2024-03-18
32346428,Arquitecto de Software,3,Entrevista agendada,2023-07-03
27746783,DevOps Engineer,4,Rechazado,2024-06-17
35524575,Arquitecto de Software,7,Entrevista agendada,2024-01-18
27337674,Gerente de Proyectos,3,Rechazado,2024-02-06
64069555,Desarrollador Backend,3,Rechazado,2023-08-21
13887027,Analista de Datos,9,Rechazado,2023-09-12
69531904,Diseñador UX,4,Rechazado,2024-01-16
31176363,QA Engineer,6,Rechazado,2023-11-13
40110492,Desarrollador Backend,5,Prueba técnica,2023-04-19
45294506,Arquitecto de Software,9,Rechazado,2024-08-21
35105807,Analista de Seguridad,8,Rechazado,2023-05-01
22847852,Desarrollador Frontend,2,Entrevista agendada,2024-05-22
56784018,DevOps Engineer,9,Entrevista agendada,2024-02-16
12667864,Scrum Master,7,En revisión,2023-06-27
35853211,DevOps Engineer,9,En revisión,2023-07-22
18639561,Arquitecto de Software,4,Prueba técnica,2024-05-15
50363894,DevOps Engineer,8,Prueba técnica,2023-04-23
23404853,QA Engineer,3,Prueba técnica,2024-01-04
36960403,Scrum Master,7,Seleccionado,2024-10-11
74998308,Desarrollador Frontend,5,Prueba técnica,2023-09-18
79537291,Analista de Datos,2,Entrevista agendada,2023-04-19
52923058,Scrum Master,3,Seleccionado,2023-09-18
78100099,DevOps Engineer,8,En revisión,2023-12-30
61935844,QA Engineer,7,Prueba técnica,2023-10-15
60493281,DevOps Engineer,4,Prueba técnica,2024-03-27
45102349,Desarrollador Frontend,2,Entrevista agendada,2023-01-02
44321835,Scrum Master,1,En revisión,2024-10-15
89724244,DevOps Engineer,4,Rechazado,2023-09-27
78157987,Analista de Datos,9,En revisión,2023-09-25
90565573,Desarrollador Backend,3,En revisión,2023-12-11
97494364,Arquitecto de Software,2,Seleccionado,2023-02-16
40072776,Analista de Datos,1,En revisión,2023-06-18
67442268,Analista de Seguridad,5,Rechazado,2023-01-13
68804388,Analista de Datos,10,Seleccionado,2023-01-25
49539000,QA Engineer,8,Rechazado,2024-09-02
47685921,Desarrollador Frontend,6,Rechazado,2023-10-08
91896051,Analista de Seguridad,10,Prueba técnica,2024-12-12
89446203,Scrum Master,5,Entrevista agendada,2023-03-20
44127704,Analista de Seguridad,8,Entrevista agendada,2024-09-16
68364103,Arquitecto de Software,2,En revisión,2024-04-12
46695154,Arquitecto de Software,2,Seleccionado,2023-04-07
29260813,Analista de Seguridad,6,Prueba técnica,2023-09-13
34227322,Desarrollador Frontend,5,En revisión,2023-09-21
97855974,Desarrollador Frontend,3,Entrevista agendada,2023-11-08
76039829,Analista de Datos,5,Prueba técnica,2023-06-22
10608648,Gerente de Proyectos,10,Rechazado,2023-12-27
38788060,Scrum Master,8,Prueba técnica,2024-12-28
47871584,Diseñador UX,8,Seleccionado,2024-06-01
73075732,Arquitecto de Software,2,En revisión,2024-03-02
61793431,Scrum Master,8,Seleccionado,2023-01-10
77879063,Desarrollador Frontend,6,Prueba técnica,2023-08-02
77720966,Desarrollador Backend,8,Prueba técnica,2024-05-20
58282195,Gerente de Proyectos,6,Entrevista agendada,2023-12-11
79401824,Arquitecto de Software,4,En revisión,2024-11-27
84635577,Analista de Seguridad,7,Prueba técnica,2024-01-29
24497245,Analista de Datos,8,En revisión,2024-03-27
45758606,Analista de Datos,7,Prueba técnica,2024-03-05
94920193,Gerente de Proyectos,2,En revisión,2023-10-24
18148673,Scrum Master,5,Rechazado,2024-01-30
42827224,Desarrollador Frontend,5,Rechazado,2024-05-16
57919678,Arquitecto de Software,10,Prueba técnica,2024-06-18
49339141,Arquitecto de Software,3,Seleccionado,2024-05-21
55389596,Diseñador UX,1,Seleccionado,2023-07-30
58760492,QA Engineer,7,Entrevista agendada,2024-06-09
72576332,Diseñador UX,7,Entrevista agendada,2024-05-09
64556455,Arquitecto de Software,5,Seleccionado,2024-08-06
57538653,Desarrollador Backend,10,Seleccionado,2023-10-25
75536453,Gerente de Proyectos,10,Entrevista agendada,2024-01-04
87032961,Analista de Seguridad,7,Prueba técnica,2023-10-20
59273066,Gerente de Proyectos,3,Entrevista agendada,2024-02-05
16526609,Diseñador UX,8,Entrevista agendada,2024-04-26
28659525,Gerente de Proyectos,2,En revisión,2023-02-18
81317844,Gerente de Proyectos,6,Seleccionado,2024-10-04
26280359,Analista de Datos,7,Seleccionado,2024-05-19
63177402,Desarrollador Backend,2,En revisión,2024-06-14
10606310,Analista de Datos,10,Prueba técnica,2023-01-23
36674426,Diseñador UX,10,Seleccionado,2024-11-10
73647782,QA Engineer,5,Seleccionado,2023-06-30
46212120,Diseñador UX,6,Seleccionado,2024-08-29
67861097,Desarrollador Frontend,8,Entrevista agendada,2023-06-12
12601403,Desarrollador Frontend,5,En revisión,2024-01-11
78090604,Arquitecto de Software,3,Rechazado,2023-03-15
67801680,DevOps Engineer,10,Seleccionado,2024-11-26
26991243,Arquitecto de Software,1,En revisión,2024-01-26
73287672,Gerente de Proyectos,1,Prueba técnica,2023-01-16
97935980,Scrum Master,5,Prueba técnica,2024-06-15
77373751,Scrum Master,2,Entrevista agendada,2024-09-22
50585298,Desarrollador Frontend,10,En revisión,2024-09-19
61582954,Desarrollador Backend,1,Rechazado,2024-03-11
98894621,Diseñador UX,1,Prueba técnica,2023-01-15
64067091,Analista de Seguridad,5,Seleccionado,2023-04-04
74307202,QA Engineer,8,Prueba técnica,2024-01-19
31114514,Analista de Datos,9,Entrevista agendada,2024-02-06
11875329,Desarrollador Frontend,6,Seleccionado,2023-08-23
29975313,Gerente de Proyectos,10,En revisión,2024-05-28
31861223,Arquitecto de Software,4,En revisión,2024-04-15
82108116,DevOps Engineer,7,Entrevista agendada,2023-09-17
68740342,Desarrollador Frontend,6,En revisión,2023-03-09
86533686,Scrum Master,6,Seleccionado,2024-06-14
96130449,Gerente de Proyectos,6,En revisión,2023-09-09
53912558,QA Engineer,2,Entrevista agendada,2024-03-12
63111839,Desarrollador Frontend,6,Seleccionado,2024-02-18
48069919,DevOps Engineer,3,Seleccionado,2023-10-18
45884675,Analista de Seguridad,8,Prueba técnica,2023-04-16
82247909,Desarrollador Frontend,4,Entrevista agendada,2024-01-31
45546195,Analista de Seguridad,10,En revisión,2023-09-06
87236532,Scrum Master,9,Prueba técnica,2024-11-17
79471185,Desarrollador Backend,10,Prueba técnica,2024-03-01
95924169,Arquitecto de Software,4,Seleccionado,2023-11-26
42867409,Analista de Datos,5,Rechazado,2023-06-27
76337927,QA Engineer,3,Seleccionado,2023-10-06
56160658,Desarrollador Backend,2,Rechazado,2024-08-08
68541452,Analista de Datos,2,Seleccionado,2024-02-08
24150526,Analista de Datos,3,Seleccionado,2024-06-18
44822283,QA Engineer,3,Prueba técnica,2023-02-21
79010383,Analista de Datos,8,Entrevista agendada,2024-07-02
14515665,Arquitecto de Software,2,Entrevista agendada,2024-01-16
97935209,Scrum Master,4,Rechazado,2023-11-28
42332351,DevOps Engineer,8,Prueba técnica,2023-11-18
40642869,Gerente de Proyectos,2,En revisión,2023-09-29
21097373,QA Engineer,7,Rechazado,2024-12-18
31966910,Diseñador UX,9,Seleccionado,2023-11-30
67804250,QA Engineer,3,Seleccionado,2023-10-22
41509533,Diseñador UX,5,Prueba técnica,2024-04-02
29160608,Desarrollador Backend,1,Prueba técnica,2024-11-08
20360551,Analista de Datos,9,En revisión,2023-12-11
54967979,Analista de Seguridad,10,Prueba técnica,2024-12-03
49275740,Analista de Seguridad,8,Seleccionado,2024-08-28
26620107,DevOps Engineer,9,Prueba técnica,2024-06-22
78726319,Desarrollador Backend,5,Entrevista agendada,2023-06-16
22110298,Arquitecto de Software,6,En revisión,2023-12-03
84069766,Scrum Master,5,Rechazado,2024-04-15
19033392,DevOps Engineer,3,En revisión,2024-09-06
78166710,Diseñador UX,4,En revisión,2024-11-19
45232980,Desarrollador Frontend,5,Entrevista agendada,2023-06-18
43998745,QA Engineer,8,Prueba técnica,2023-08-04
71140362,Arquitecto de Software,5,En revisión,2023-09-03
91394097,DevOps Engineer,8,Rechazado,2023-10-14
87248130,Analista de Seguridad,2,Entrevista agendada,2024-08-17
59881170,Analista de Datos,2,En revisión,2023-04-30
62633897,Diseñador UX,10,Entrevista agendada,2023-04-04
35099150,Analista de Seguridad,6,Seleccionado,2023-01-14
26879219,Analista de Seguridad,2,Seleccionado,2023-01-24
68993269,Desarrollador Backend,4,Seleccionado,2024-03-22
60974921,Arquitecto de Software,1,Seleccionado,2023-03-21
14078581,Analista de Datos,3,Seleccionado,2023-12-08
45425396,Desarrollador Frontend,7,Entrevista agendada,2024-02-06
58404032,Analista de Seguridad,3,En revisión,2024-06-12
56765452,Arquitecto de Software,7,Entrevista agendada,2023-06-17
87075299,DevOps Engineer,3,En revisión,2023-06-19
80247864,Analista de Seguridad,3,En revisión,2024-04-03
67404162,Desarrollador Backend,9,Rechazado,2023-06-05
70147129,Diseñador UX,8,En revisión,2024-03-25
41404464,Diseñador UX,4,Entrevista agendada,2024-08-21
91984833,Desarrollador Backend,10,Seleccionado,2023-07-17
18384510,Arquitecto de Software,4,En revisión,2024-07-13
23999711,Scrum Master,5,Prueba técnica,2023-06-12
86513794,Arquitecto de Software,2,En revisión,2024-11-13
63475387,Analista de Datos,1,Entrevista agendada,2023-02-05
93513891,Analista de Seguridad,6,Prueba técnica,2024-10-04
27672024,Analista de Datos,6,Prueba técnica,2023-02-17
83284788,Analista de Datos,8,Entrevista agendada,2024-04-06
50767512,Gerente de Proyectos,4,Prueba técnica,2023-04-12
86142441,Analista de Seguridad,5,Rechazado,2023-08-04
63360841,DevOps Engineer,6,Seleccionado,2023-07-22
93667113,Desarrollador Frontend,9,Entrevista agendada,2023-09-19
88736000,QA Engineer,7,Rechazado,2024-07-03
85466532,Analista de Seguridad,7,Entrevista agendada,2023-04-18
45413814,Desarrollador Backend,2,Entrevista agendada,2024-05-11
38463890,Analista de Seguridad,6,Prueba técnica,2023-08-03
59707644,Analista de Seguridad,6,Rechazado,2023-07-04
73506292,Diseñador UX,3,En revisión,2023-09-07
57837489,QA Engineer,2,Rechazado,2023-07-24
71051130,Diseñador UX,7,En revisión,2023-01-29
40039148,DevOps Engineer,3,En revisión,2023-09-24
49264357,DevOps Engineer,9,Prueba técnica,2023-02-24
60885699,Desarrollador Frontend,5,En revisión,2024-05-07
87962200,Desarrollador Backend,8,En revisión,2024-10-25
89842031,Desarrollador Frontend,4,Prueba técnica,2023-11-04
64109886,Desarrollador Backend,3,Rechazado,2023-02-04
72709550,Analista de Datos,5,Entrevista agendada,2024-04-16
24242742,Scrum Master,5,Seleccionado,2024-05-01
47928667,Analista de Seguridad,6,Rechazado,2024-11-02
74709853,QA Engineer,1,Seleccionado,2023-07-15
56840532,Arquitecto de Software,5,Entrevista agendada,2023-04-26
80406189,Desarrollador Backend,6,Rechazado,2023-08-18
59161650,Gerente de Proyectos,4,Prueba técnica,2023-11-03
98221342,Arquitecto de Software,1,En revisión,2023-02-11
51316693,Analista de Seguridad,4,Rechazado,2024-06-28
65081884,Analista de Datos,9,Entrevista agendada,2024-07-15
91929831,Diseñador UX,5,Prueba técnica,2023-06-20
56749090,QA Engineer,4,Entrevista agendada,2023-06-21
55994568,Scrum Master,1,Prueba técnica,2023-04-13
70914942,Gerente de Proyectos,4,En revisión,2023-11-11
49713430,Analista de Datos,2,Entrevista agendada,2024-07-04
72259429,DevOps Engineer,5,En revisión,2024-12-09
62026136,Gerente de Proyectos,3,Prueba técnica,2024-11-05
24135400,Gerente de Proyectos,8,Entrevista agendada,2023-03-09
93512250,Diseñador UX,2,Prueba técnica,2024-04-14
18198482,Desarrollador Backend,7,Rechazado,2024-09-25
25946042,QA Engineer,10,En revisión,2023-11-15
91173818,DevOps Engineer,7,Rechazado,2024-12-03
74889809,Scrum Master,9,Rechazado,2023-08-06
95928083,DevOps Engineer,4,Rechazado,2024-07-09
42204985,Analista de Seguridad,5,Seleccionado,2024-09-28
14184545,Desarrollador Backend,2,Entrevista agendada,2023-01-17
39403482,Arquitecto de Software,5,Prueba técnica,2024-12-18
17821276,DevOps Engineer,8,Prueba técnica,2024-07-17
67463945,Analista de Seguridad,6,Prueba técnica,2023-09-22
61086911,Desarrollador Backend,9,Rechazado,2024-05-20
89842935,Analista de Datos,9,Seleccionado,2023-12-01
59340714,Diseñador UX,1,En revisión,2023-12-25
90211537,Gerente de Proyectos,9,Rechazado,2024-01-11
91265381,Analista de Seguridad,4,Seleccionado,2023-02-21
49885600,Diseñador UX,10,Rechazado,2023-02-08
63013451,Arquitecto de Software,8,Rechazado,2023-04-04
98064776,QA Engineer,2,Prueba técnica,2023-12-05
24393365,QA Engineer,5,Entrevista agendada,2023-05-29
99954012,Desarrollador Backend,8,Entrevista agendada,2024-08-20
84190065,QA Engineer,4,Prueba técnica,2023-05-05
57086089,QA Engineer,8,Entrevista agendada,2024-08-15
82697994,Analista de Seguridad,7,En revisión,2023-04-18
76290648,Arquitecto de Software,5,Rechazado,2023-10-31
67268291,Desarrollador Frontend,10,Entrevista agendada,2024-03-16
83267624,Analista de Seguridad,7,Seleccionado,2023-07-02
38119262,Arquitecto de Software,7,En revisión,2023-05-18
36115630,Desarrollador Backend,1,En revisión,2023-12-16
